Patient Id,cancer
1.2.840.113704.1.111.9856.1167873858.28,1
1.2.840.113704.1.111.6436.1168891896.20,1
1.2.840.113704.1.111.5804.1168617251.15,1
1.2.840.113704.1.111.992.1168464802.17,1
1.2.840.113704.1.111.7640.1167867230.17,1
1.2.840.113704.1.111.2112.1167842347.17,0
1.2.840.113704.1.111.7296.1167935298.22,0
1.2.840.113704.1.111.1724.1168392386.17,0
1.2.840.113704.1.111.9304.1171412289.27,0
1.2.840.113704.1.111.344.1177706886.27,0
